{
    "nb": {
        "nbformat": 4,
        "nbformat_minor": 5,
        "metadata": {},
        "cells": [
            {
                "id": "e065cd82",
                "cell_type": "code",
                "metadata": {
                    "execution": {
                        "iopub.status.busy": "2025-08-26T13:18:36.744994Z",
                        "iopub.execute_input": "2025-08-26T13:18:36.745429Z",
                        "shell.execute_reply": "2025-08-26T13:18:37.115451Z",
                        "iopub.status.idle": "2025-08-26T13:18:37.116164Z"
                    }
                },
                "execution_count": 1,
                "source": "import PyPDF2\nimport pdfplumber\nimport json\nimport re\nfrom pathlib import Path\n\n# First, let's try to extract text using pdfplumber which is often better for text extraction\ndef extract_text_from_pdf(pdf_path):\n    text_content = \"\"\n    try:\n        with pdfplumber.open(pdf_path) as pdf:\n            for page in pdf.pages:\n                page_text = page.extract_text()\n                if page_text:\n                    text_content += page_text + \"\\n\"\n        return text_content\n    except Exception as e:\n        print(f\"Error with pdfplumber: {e}\")\n        return None\n\n# Try extracting with pdfplumber first\npdf_path = \"/workspace/uploads/Resume.pdf\"\nextracted_text = extract_text_from_pdf(pdf_path)\n\nif extracted_text:\n    print(\"Successfully extracted text using pdfplumber:\")\n    print(\"=\"*50)\n    print(extracted_text[:2000])  # Show first 2000 characters\n    print(\"=\"*50)\n    print(f\"Total text length: {len(extracted_text)} characters\")\nelse:\n    # Fallback to PyPDF2 if pdfplumber fails\n    try:\n        with open(pdf_path, 'rb') as file:\n            pdf_reader = PyPDF2.PdfReader(file)\n            extracted_text = \"\"\n            for page in pdf_reader.pages:\n                extracted_text += page.extract_text() + \"\\n\"\n        print(\"Successfully extracted text using PyPDF2:\")\n        print(\"=\"*50)\n        print(extracted_text[:2000])  # Show first 2000 characters\n        print(\"=\"*50)\n        print(f\"Total text length: {len(extracted_text)} characters\")\n    except Exception as e:\n        print(f\"Error with PyPDF2: {e}\")",
                "outputs": [
                    {
                        "output_type": "error",
                        "ename": "ModuleNotFoundError",
                        "evalue": "No module named 'pdfplumber'",
                        "traceback": [
                            "\u001b[0;31m---------------------------------------------------------------------------\u001b[0m",
                            "\u001b[0;31mModuleNotFoundError\u001b[0m                       Traceback (most recent call last)",
                            "Cell \u001b[0;32mIn[1], line 2\u001b[0m\n\u001b[1;32m      1\u001b[0m \u001b[38;5;28;01mimport\u001b[39;00m\u001b[38;5;250m \u001b[39m\u001b[38;5;21;01mPyPDF2\u001b[39;00m\n\u001b[0;32m----> 2\u001b[0m \u001b[38;5;28;01mimport\u001b[39;00m\u001b[38;5;250m \u001b[39m\u001b[38;5;21;01mpdfplumber\u001b[39;00m\n\u001b[1;32m      3\u001b[0m \u001b[38;5;28;01mimport\u001b[39;00m\u001b[38;5;250m \u001b[39m\u001b[38;5;21;01mjson\u001b[39;00m\n\u001b[1;32m      4\u001b[0m \u001b[38;5;28;01mimport\u001b[39;00m\u001b[38;5;250m \u001b[39m\u001b[38;5;21;01mre\u001b[39;00m\n",
                            "\u001b[0;31mModuleNotFoundError\u001b[0m: No module named 'pdfplumber'"
                        ]
                    }
                ]
            },
            {
                "id": "811cd292",
                "cell_type": "code",
                "metadata": {
                    "execution": {
                        "iopub.status.busy": "2025-08-26T13:18:52.873088Z",
                        "iopub.execute_input": "2025-08-26T13:18:52.874102Z",
                        "shell.execute_reply": "2025-08-26T13:19:07.280420Z",
                        "iopub.status.idle": "2025-08-26T13:19:07.281692Z"
                    }
                },
                "execution_count": 2,
                "source": "# Install required packages first\nfrom metagpt.tools.libs.terminal import Terminal\nterminal = Terminal()\n\n# Install the required PDF processing libraries\nawait terminal.run('pip install pdfplumber PyPDF2')\n\nimport PyPDF2\nimport pdfplumber\nimport json\nimport re\nfrom pathlib import Path\n\n# First, let's try to extract text using pdfplumber which is often better for text extraction\ndef extract_text_from_pdf(pdf_path):\n    text_content = \"\"\n    try:\n        with pdfplumber.open(pdf_path) as pdf:\n            for page in pdf.pages:\n                page_text = page.extract_text()\n                if page_text:\n                    text_content += page_text + \"\\n\"\n        return text_content\n    except Exception as e:\n        print(f\"Error with pdfplumber: {e}\")\n        return None\n\n# Try extracting with pdfplumber first\npdf_path = \"/workspace/uploads/Resume.pdf\"\nextracted_text = extract_text_from_pdf(pdf_path)\n\nif extracted_text:\n    print(\"Successfully extracted text using pdfplumber:\")\n    print(\"=\"*50)\n    print(extracted_text[:2000])  # Show first 2000 characters\n    print(\"=\"*50)\n    print(f\"Total text length: {len(extracted_text)} characters\")\nelse:\n    # Fallback to PyPDF2 if pdfplumber fails\n    try:\n        with open(pdf_path, 'rb') as file:\n            pdf_reader = PyPDF2.PdfReader(file)\n            extracted_text = \"\"\n            for page in pdf_reader.pages:\n                extracted_text += page.extract_text() + \"\\n\"\n        print(\"Successfully extracted text using PyPDF2:\")\n        print(\"=\"*50)\n        print(extracted_text[:2000])  # Show first 2000 characters\n        print(\"=\"*50)\n        print(f\"Total text length: {len(extracted_text)} characters\")\n    except Exception as e:\n        print(f\"Error with PyPDF2: {e}\")\n        extracted_text = \"\"\n\n# Store the extracted text for further processing\nif extracted_text:\n    print(f\"\\nText extraction successful! Ready to parse resume information.\")\nelse:\n    print(\"Failed to extract text from PDF\")",
                "outputs": [
                    {
                        "output_type": "stream",
                        "name": "stderr",
                        "text": "2025-08-26 06:18:53.469 | INFO     | metagpt.const:get_metagpt_root:33 - PROJECT_ROOT set from environment variable to /\n"
                    },
                    {
                        "output_type": "error",
                        "ename": "ModuleNotFoundError",
                        "evalue": "No module named 'pdfplumber'",
                        "traceback": [
                            "\u001b[0;31m---------------------------------------------------------------------------\u001b[0m",
                            "\u001b[0;31mModuleNotFoundError\u001b[0m                       Traceback (most recent call last)",
                            "Cell \u001b[0;32mIn[2], line 9\u001b[0m\n\u001b[1;32m      6\u001b[0m \u001b[38;5;28;01mawait\u001b[39;00m terminal\u001b[38;5;241m.\u001b[39mrun(\u001b[38;5;124m'\u001b[39m\u001b[38;5;124mpip install pdfplumber PyPDF2\u001b[39m\u001b[38;5;124m'\u001b[39m)\n\u001b[1;32m      8\u001b[0m \u001b[38;5;28;01mimport\u001b[39;00m\u001b[38;5;250m \u001b[39m\u001b[38;5;21;01mPyPDF2\u001b[39;00m\n\u001b[0;32m----> 9\u001b[0m \u001b[38;5;28;01mimport\u001b[39;00m\u001b[38;5;250m \u001b[39m\u001b[38;5;21;01mpdfplumber\u001b[39;00m\n\u001b[1;32m     10\u001b[0m \u001b[38;5;28;01mimport\u001b[39;00m\u001b[38;5;250m \u001b[39m\u001b[38;5;21;01mjson\u001b[39;00m\n\u001b[1;32m     11\u001b[0m \u001b[38;5;28;01mimport\u001b[39;00m\u001b[38;5;250m \u001b[39m\u001b[38;5;21;01mre\u001b[39;00m\n",
                            "\u001b[0;31mModuleNotFoundError\u001b[0m: No module named 'pdfplumber'"
                        ]
                    }
                ]
            },
            {
                "id": "422c6919",
                "cell_type": "code",
                "metadata": {
                    "execution": {
                        "iopub.status.busy": "2025-08-26T13:19:34.796062Z",
                        "iopub.execute_input": "2025-08-26T13:19:34.796753Z",
                        "shell.execute_reply": "2025-08-26T13:19:38.773040Z",
                        "iopub.status.idle": "2025-08-26T13:19:38.773598Z"
                    }
                },
                "execution_count": 3,
                "source": "# Install required packages first\nfrom metagpt.tools.libs.terminal import Terminal\nterminal = Terminal()\n\n# Install the required PDF processing libraries\nawait terminal.run('pip install PyPDF2 pdfplumber')\n\nimport sys\nimport json\nimport re\nfrom pathlib import Path\n\n# Try to import and use PyPDF2 first (more likely to work immediately)\ntry:\n    import PyPDF2\n    \n    def extract_text_with_pypdf2(pdf_path):\n        text_content = \"\"\n        try:\n            with open(pdf_path, 'rb') as file:\n                pdf_reader = PyPDF2.PdfReader(file)\n                for page in pdf_reader.pages:\n                    page_text = page.extract_text()\n                    if page_text:\n                        text_content += page_text + \"\\n\"\n            return text_content\n        except Exception as e:\n            print(f\"Error with PyPDF2: {e}\")\n            return None\n    \n    # Extract text from the PDF\n    pdf_path = \"/workspace/uploads/Resume.pdf\"\n    extracted_text = extract_text_with_pypdf2(pdf_path)\n    \n    if extracted_text and len(extracted_text.strip()) > 0:\n        print(\"Successfully extracted text using PyPDF2:\")\n        print(\"=\"*50)\n        print(extracted_text[:2000])  # Show first 2000 characters\n        print(\"=\"*50)\n        print(f\"Total text length: {len(extracted_text)} characters\")\n    else:\n        print(\"PyPDF2 extraction failed or returned empty text\")\n        extracted_text = \"\"\n\nexcept ImportError as e:\n    print(f\"PyPDF2 not available: {e}\")\n    extracted_text = \"\"\n\n# If PyPDF2 failed, try using subprocess to run pdfplumber\nif not extracted_text or len(extracted_text.strip()) == 0:\n    print(\"Trying alternative extraction method...\")\n    try:\n        # Use terminal to run a Python script that extracts text\n        extraction_script = '''\nimport sys\nsys.path.append('/usr/local/lib/python3.8/site-packages')\nsys.path.append('/opt/conda/lib/python3.8/site-packages')\ntry:\n    import pdfplumber\n    with pdfplumber.open(\"/workspace/uploads/Resume.pdf\") as pdf:\n        text = \"\"\n        for page in pdf.pages:\n            page_text = page.extract_text()\n            if page_text:\n                text += page_text + \"\\\\n\"\n    print(\"EXTRACTED_TEXT_START\")\n    print(text)\n    print(\"EXTRACTED_TEXT_END\")\nexcept Exception as e:\n    print(f\"Error: {e}\")\n'''\n        \n        # Write the script to a temporary file\n        with open('/tmp/extract_pdf.py', 'w') as f:\n            f.write(extraction_script)\n        \n        # Run the script\n        result = await terminal.run('python /tmp/extract_pdf.py')\n        \n        # Extract the text from the result\n        if \"EXTRACTED_TEXT_START\" in result and \"EXTRACTED_TEXT_END\" in result:\n            start_idx = result.find(\"EXTRACTED_TEXT_START\") + len(\"EXTRACTED_TEXT_START\\n\")\n            end_idx = result.find(\"EXTRACTED_TEXT_END\")\n            extracted_text = result[start_idx:end_idx].strip()\n            \n            if extracted_text:\n                print(\"Successfully extracted text using alternative method:\")\n                print(\"=\"*50)\n                print(extracted_text[:2000])  # Show first 2000 characters\n                print(\"=\"*50)\n                print(f\"Total text length: {len(extracted_text)} characters\")\n            \n    except Exception as e:\n        print(f\"Alternative method failed: {e}\")\n\n# Store the extracted text for further processing\nif extracted_text and len(extracted_text.strip()) > 0:\n    print(f\"\\nText extraction successful! Ready to parse resume information.\")\n    # Save extracted text to a temporary file for reference\n    with open('/workspace/extracted_resume_text.txt', 'w', encoding='utf-8') as f:\n        f.write(extracted_text)\n    print(\"Extracted text saved to /workspace/extracted_resume_text.txt\")\nelse:\n    print(\"Failed to extract text from PDF using all available methods\")\n    extracted_text = \"\"",
                "outputs": [
                    {
                        "output_type": "stream",
                        "name": "stdout",
                        "text": "PyPDF2 extraction failed or returned empty text\nTrying alternative extraction method...\nFailed to extract text from PDF using all available methods\n"
                    }
                ]
            },
            {
                "id": "b0b03a19",
                "cell_type": "code",
                "metadata": {
                    "execution": {
                        "iopub.status.busy": "2025-08-26T13:19:57.917919Z",
                        "iopub.execute_input": "2025-08-26T13:19:57.918593Z",
                        "shell.execute_reply": "2025-08-26T13:20:01.386467Z",
                        "iopub.status.idle": "2025-08-26T13:20:01.387586Z"
                    }
                },
                "execution_count": 4,
                "source": "# Try using system tools and different PDF extraction methods\nfrom metagpt.tools.libs.terminal import Terminal\nterminal = Terminal()\n\n# First, let's check what PDF tools are available and install more options\nprint(\"Installing additional PDF processing tools...\")\nawait terminal.run('pip install pymupdf fitz-python pdfminer.six textract')\n\n# Try multiple extraction methods\nimport os\nimport sys\n\n# Method 1: Try PyMuPDF (fitz)\ntry:\n    import fitz  # PyMuPDF\n    \n    def extract_with_pymupdf(pdf_path):\n        try:\n            doc = fitz.open(pdf_path)\n            text = \"\"\n            for page in doc:\n                text += page.get_text() + \"\\n\"\n            doc.close()\n            return text\n        except Exception as e:\n            print(f\"PyMuPDF error: {e}\")\n            return None\n    \n    print(\"Trying PyMuPDF (fitz) extraction...\")\n    extracted_text = extract_with_pymupdf(\"/workspace/uploads/Resume.pdf\")\n    \n    if extracted_text and len(extracted_text.strip()) > 50:\n        print(\"SUCCESS with PyMuPDF!\")\n        print(\"=\"*60)\n        print(\"First 1500 characters of extracted text:\")\n        print(extracted_text[:1500])\n        print(\"=\"*60)\n        print(f\"Total extracted text length: {len(extracted_text)} characters\")\n        \n        # Save the extracted text\n        with open('/workspace/extracted_resume_text.txt', 'w', encoding='utf-8') as f:\n            f.write(extracted_text)\n        \n    else:\n        print(\"PyMuPDF extraction failed or returned insufficient text\")\n        extracted_text = None\n\nexcept ImportError as e:\n    print(f\"PyMuPDF not available: {e}\")\n    extracted_text = None\n\n# Method 2: Try pdfminer if PyMuPDF failed\nif not extracted_text:\n    try:\n        from pdfminer.high_level import extract_text\n        \n        print(\"Trying pdfminer extraction...\")\n        extracted_text = extract_text(\"/workspace/uploads/Resume.pdf\")\n        \n        if extracted_text and len(extracted_text.strip()) > 50:\n            print(\"SUCCESS with pdfminer!\")\n            print(\"=\"*60)\n            print(\"First 1500 characters of extracted text:\")\n            print(extracted_text[:1500])\n            print(\"=\"*60)\n            print(f\"Total extracted text length: {len(extracted_text)} characters\")\n            \n            # Save the extracted text\n            with open('/workspace/extracted_resume_text.txt', 'w', encoding='utf-8') as f:\n                f.write(extracted_text)\n        else:\n            print(\"pdfminer extraction failed or returned insufficient text\")\n            extracted_text = None\n            \n    except Exception as e:\n        print(f\"pdfminer failed: {e}\")\n        extracted_text = None\n\n# Method 3: Try using system pdftotext command if available\nif not extracted_text:\n    print(\"Trying system pdftotext command...\")\n    try:\n        # Install poppler-utils which contains pdftotext\n        await terminal.run('apt-get update && apt-get install -y poppler-utils')\n        \n        # Use pdftotext to extract text\n        result = await terminal.run('pdftotext \"/workspace/uploads/Resume.pdf\" \"/workspace/extracted_resume_text.txt\"')\n        \n        # Check if the file was created and read it\n        if os.path.exists('/workspace/extracted_resume_text.txt'):\n            with open('/workspace/extracted_resume_text.txt', 'r', encoding='utf-8') as f:\n                extracted_text = f.read()\n            \n            if extracted_text and len(extracted_text.strip()) > 50:\n                print(\"SUCCESS with pdftotext!\")\n                print(\"=\"*60)\n                print(\"First 1500 characters of extracted text:\")\n                print(extracted_text[:1500])\n                print(\"=\"*60)\n                print(f\"Total extracted text length: {len(extracted_text)} characters\")\n            else:\n                print(\"pdftotext extraction returned insufficient text\")\n                extracted_text = None\n        else:\n            print(\"pdftotext did not create output file\")\n            extracted_text = None\n            \n    except Exception as e:\n        print(f\"pdftotext command failed: {e}\")\n        extracted_text = None\n\n# Final check\nif extracted_text and len(extracted_text.strip()) > 50:\n    print(f\"\\n✓ PDF text extraction SUCCESSFUL!\")\n    print(f\"✓ Extracted text saved to /workspace/extracted_resume_text.txt\")\n    print(f\"✓ Ready to proceed with parsing resume information\")\nelse:\n    print(\"\\n✗ All PDF extraction methods failed\")\n    print(\"Please check if the PDF file is corrupted or password-protected\")",
                "outputs": [
                    {
                        "output_type": "stream",
                        "name": "stdout",
                        "text": "Installing additional PDF processing tools...\nTrying PyMuPDF (fitz) extraction...\nPyMuPDF extraction failed or returned insufficient text\npdfminer failed: No module named 'pdfminer'\nTrying system pdftotext command...\npdftotext did not create output file\n\n✗ All PDF extraction methods failed\nPlease check if the PDF file is corrupted or password-protected\n"
                    }
                ]
            },
            {
                "id": "0f10d31d",
                "cell_type": "code",
                "metadata": {
                    "execution": {
                        "iopub.status.busy": "2025-08-26T13:20:23.001261Z",
                        "iopub.execute_input": "2025-08-26T13:20:23.001740Z",
                        "shell.execute_reply": "2025-08-26T13:20:27.953584Z",
                        "iopub.status.idle": "2025-08-26T13:20:27.954747Z"
                    }
                },
                "execution_count": 5,
                "source": "# Check file properties and try direct extraction methods\nimport os\nimport stat\nfrom pathlib import Path\n\n# First, let's examine the PDF file properties\npdf_path = \"/workspace/uploads/Resume.pdf\"\n\nprint(\"Checking PDF file properties...\")\nif os.path.exists(pdf_path):\n    file_stats = os.stat(pdf_path)\n    print(f\"File size: {file_stats.st_size} bytes\")\n    print(f\"File permissions: {oct(file_stats.st_mode)}\")\n    print(f\"File exists and is readable: {os.access(pdf_path, os.R_OK)}\")\nelse:\n    print(\"PDF file does not exist!\")\n\n# Try to read the file as binary and check its header\ntry:\n    with open(pdf_path, 'rb') as f:\n        header = f.read(100)\n        print(f\"\\nPDF Header (first 100 bytes): {header}\")\n        \n        # Check if it's a valid PDF (should start with %PDF)\n        if header.startswith(b'%PDF'):\n            print(\"✓ Valid PDF file detected\")\n        else:\n            print(\"✗ File does not appear to be a valid PDF\")\n            \nexcept Exception as e:\n    print(f\"Error reading file: {e}\")\n\n# Try using online PDF processing service or OCR approach\ntry:\n    # Install tesseract and pdf2image for OCR approach\n    print(\"\\nTrying OCR-based extraction...\")\n    await terminal.run('pip install pdf2image pytesseract pillow')\n    \n    # Also install system dependencies\n    await terminal.run('apt-get update && apt-get install -y tesseract-ocr poppler-utils')\n    \n    # Now try OCR extraction\n    from pdf2image import convert_from_path\n    import pytesseract\n    \n    # Convert PDF pages to images\n    print(\"Converting PDF pages to images...\")\n    pages = convert_from_path(pdf_path)\n    \n    extracted_text = \"\"\n    for i, page in enumerate(pages):\n        print(f\"Processing page {i+1}...\")\n        # Extract text from image using OCR\n        page_text = pytesseract.image_to_string(page)\n        extracted_text += f\"\\n--- Page {i+1} ---\\n\" + page_text\n    \n    if extracted_text and len(extracted_text.strip()) > 100:\n        print(\"SUCCESS with OCR extraction!\")\n        print(\"=\"*60)\n        print(\"First 1500 characters of extracted text:\")\n        print(extracted_text[:1500])\n        print(\"=\"*60)\n        print(f\"Total extracted text length: {len(extracted_text)} characters\")\n        \n        # Save the extracted text\n        with open('/workspace/extracted_resume_text.txt', 'w', encoding='utf-8') as f:\n            f.write(extracted_text)\n        \n        print(\"✓ OCR extraction successful!\")\n        \n    else:\n        print(\"OCR extraction failed or returned insufficient text\")\n        \nexcept Exception as e:\n    print(f\"OCR extraction failed: {e}\")\n    \n    # Final fallback - try to use a simple text extraction with encoding detection\n    try:\n        import chardet\n        \n        print(\"\\nTrying raw binary analysis...\")\n        with open(pdf_path, 'rb') as f:\n            raw_data = f.read()\n            \n        # Try to detect any readable text in the binary data\n        detected_encoding = chardet.detect(raw_data[:10000])\n        print(f\"Detected encoding: {detected_encoding}\")\n        \n        # Look for text patterns in the PDF\n        import re\n        text_pattern = re.compile(rb'[A-Za-z0-9\\s@.\\-_]+')\n        matches = text_pattern.findall(raw_data)\n        \n        readable_text = []\n        for match in matches:\n            try:\n                decoded = match.decode('utf-8', errors='ignore')\n                if len(decoded.strip()) > 3:  # Only keep meaningful text\n                    readable_text.append(decoded.strip())\n            except:\n                continue\n        \n        if readable_text:\n            extracted_text = '\\n'.join(readable_text[:100])  # Limit to first 100 matches\n            print(\"Partial text extraction from binary data:\")\n            print(extracted_text[:1000])\n            \n            with open('/workspace/extracted_resume_text.txt', 'w', encoding='utf-8') as f:\n                f.write(extracted_text)\n        \n    except Exception as e2:\n        print(f\"Raw extraction also failed: {e2}\")",
                "outputs": [
                    {
                        "output_type": "stream",
                        "name": "stdout",
                        "text": "Checking PDF file properties...\nFile size: 266796 bytes\nFile permissions: 0o100644\nFile exists and is readable: True\n\nPDF Header (first 100 bytes): b'%PDF-1.3\\n%\\xba\\xdf\\xac\\xe0\\n3 0 obj\\n<</Type /Page\\n/Parent 1 0 R\\n/Resources 2 0 R\\n/MediaBox [0 0 595.2799999999999'\n✓ Valid PDF file detected\n\nTrying OCR-based extraction...\nOCR extraction failed: No module named 'pdf2image'\n\nTrying raw binary analysis...\nDetected encoding: {'encoding': None, 'confidence': 0.0, 'language': None}\nPartial text extraction from binary data:\nPDF-1.3\n3 0 obj\nType\nPage\nParent 1 0 R\nResources 2 0 R\nMediaBox\n0 0 595.2799999999999727 841.8899999999999864\nContents 4 0 R\nendobj\n4 0 obj\nLength 96\nstream\n0.200025 w\n0 G\nq\n595.2799999999999727 0 0 837.1602808988764082 0. 2.3648595505618459 cm\nI0 Do\nQ\nendstream\nendobj\n1 0 obj\nType\nPages\nKids\n3 0 R\nCount 1\nendobj\n5 0 obj\nType\nFont\nBaseFont\nHelvetica\nSubtype\nType1\nEncoding\nWinAnsiEncoding\nFirstChar 32\nLastChar 255\nendobj\n6 0 obj\nType\nFont\nBaseFont\nHelvetica-Bold\nSubtype\nType1\nEncoding\nWinAnsiEncoding\nFirstChar 32\nLastChar 255\nendobj\n7 0 obj\nType\nFont\nBaseFont\nHelvetica-Oblique\nSubtype\nType1\nEncoding\nWinAnsiEncoding\nFirstChar 32\nLastChar 255\nendobj\n8 0 obj\nType\nFont\nBaseFont\nHelvetica-BoldOblique\nSubtype\nType1\nEncoding\nWinAnsiEncoding\nFirstChar 32\nLastChar 255\nendobj\n9 0 obj\nType\nFont\nBaseFont\nCourier\nSubtype\nType1\nEncoding\nWinAnsiEncoding\nFirstChar 32\nLastChar 255\nendobj\n10 0 obj\nType\nFont\nBaseFont\nCourier-Bold\nSubtype\nType1\nEncoding\nWinAnsiEncoding\nFirstChar 32\nLastChar 255\nendobj\n11 0\n"
                    }
                ]
            },
            {
                "id": "2815bad0",
                "cell_type": "code",
                "metadata": {
                    "execution": {
                        "iopub.status.busy": "2025-08-26T13:20:45.023879Z",
                        "iopub.execute_input": "2025-08-26T13:20:45.024777Z",
                        "shell.execute_reply": "2025-08-26T13:20:50.769597Z",
                        "iopub.status.idle": "2025-08-26T13:20:50.770439Z"
                    }
                },
                "execution_count": 6,
                "source": "# Proper OCR installation and extraction\nfrom metagpt.tools.libs.terminal import Terminal\nterminal = Terminal()\n\nprint(\"Installing OCR dependencies with system packages...\")\n\n# Install system dependencies first\nawait terminal.run('apt-get update')\nawait terminal.run('apt-get install -y tesseract-ocr tesseract-ocr-eng poppler-utils')\n\n# Install Python packages\nawait terminal.run('pip install pdf2image pytesseract Pillow')\n\n# Now try OCR extraction\ntry:\n    from pdf2image import convert_from_path\n    import pytesseract\n    from PIL import Image\n    import os\n    \n    print(\"Converting PDF to images for OCR processing...\")\n    \n    # Convert PDF to images\n    pdf_path = \"/workspace/uploads/Resume.pdf\"\n    pages = convert_from_path(pdf_path, dpi=300, fmt='jpeg')\n    \n    print(f\"Successfully converted PDF to {len(pages)} page(s)\")\n    \n    extracted_text = \"\"\n    \n    for i, page in enumerate(pages):\n        print(f\"Processing page {i+1} with OCR...\")\n        \n        # Configure tesseract for better accuracy\n        custom_config = r'--oem 3 --psm 6 -c tessedit_char_whitelist=ABCDEFGHIJKLMNOPQRSTUVWXYZabcdefghijklmnopqrstuvwxyz0123456789@.-_()[]{}+,/:; '\n        \n        # Extract text from the page image\n        page_text = pytesseract.image_to_string(page, config=custom_config)\n        \n        if page_text.strip():\n            extracted_text += f\"\\n--- Page {i+1} ---\\n\"\n            extracted_text += page_text.strip()\n            extracted_text += \"\\n\"\n    \n    if extracted_text and len(extracted_text.strip()) > 100:\n        print(\"SUCCESS with OCR extraction!\")\n        print(\"=\"*60)\n        print(\"First 1500 characters of extracted text:\")\n        print(extracted_text[:1500])\n        print(\"=\"*60)\n        print(f\"Total extracted text length: {len(extracted_text)} characters\")\n        \n        # Save the extracted text\n        with open('/workspace/extracted_resume_text.txt', 'w', encoding='utf-8') as f:\n            f.write(extracted_text)\n        \n        print(\"✓ OCR extraction successful!\")\n        print(\"✓ Text saved to /workspace/extracted_resume_text.txt\")\n        \n        # Clean up the extracted text for better parsing\n        cleaned_text = extracted_text.replace('\\n\\n\\n', '\\n\\n').strip()\n        \n        print(\"\\n✓ Ready to parse resume information from extracted text\")\n        \n    else:\n        print(\"OCR extraction failed or returned insufficient text\")\n        extracted_text = None\n\nexcept Exception as e:\n    print(f\"OCR extraction failed with error: {e}\")\n    \n    # Try alternative approach with system command\n    try:\n        print(\"\\nTrying alternative OCR approach with system commands...\")\n        \n        # Convert PDF to images using pdftoppm\n        await terminal.run('pdftoppm -jpeg -r 300 \"/workspace/uploads/Resume.pdf\" \"/tmp/resume_page\"')\n        \n        # List generated image files\n        result = await terminal.run('ls -la /tmp/resume_page*')\n        print(\"Generated image files:\", result)\n        \n        # Use tesseract on the images\n        image_files = []\n        import glob\n        image_files = glob.glob('/tmp/resume_page*.jpg')\n        \n        if image_files:\n            extracted_text = \"\"\n            for i, img_file in enumerate(sorted(image_files)):\n                print(f\"Processing {img_file} with tesseract...\")\n                result = await terminal.run(f'tesseract \"{img_file}\" stdout')\n                if result.strip():\n                    extracted_text += f\"\\n--- Page {i+1} ---\\n\"\n                    extracted_text += result.strip()\n                    extracted_text += \"\\n\"\n            \n            if extracted_text and len(extracted_text.strip()) > 100:\n                print(\"SUCCESS with system tesseract!\")\n                print(\"=\"*60)\n                print(\"First 1500 characters of extracted text:\")\n                print(extracted_text[:1500])\n                print(\"=\"*60)\n                \n                # Save the extracted text\n                with open('/workspace/extracted_resume_text.txt', 'w', encoding='utf-8') as f:\n                    f.write(extracted_text)\n                \n                print(\"✓ System OCR extraction successful!\")\n        \n    except Exception as e2:\n        print(f\"System OCR approach also failed: {e2}\")",
                "outputs": [
                    {
                        "output_type": "stream",
                        "name": "stdout",
                        "text": "Installing OCR dependencies with system packages...\nOCR extraction failed with error: No module named 'pdf2image'\n\nTrying alternative OCR approach with system commands...\nGenerated image files: \nls: cannot access '/tmp/resume_page*': No such file or directory\n\n"
                    }
                ]
            },
            {
                "id": "d37878af",
                "cell_type": "code",
                "metadata": {
                    "execution": {
                        "iopub.status.busy": "2025-08-26T13:21:08.157987Z",
                        "iopub.execute_input": "2025-08-26T13:21:08.158539Z",
                        "shell.execute_reply": "2025-08-26T13:21:09.199151Z",
                        "iopub.status.idle": "2025-08-26T13:21:09.200108Z"
                    }
                },
                "execution_count": 7,
                "source": "# Try a more direct approach using system commands for OCR\nimport os\nimport subprocess\n\nprint(\"Using direct system approach for OCR extraction...\")\n\ntry:\n    # First, convert PDF to images using pdftoppm (part of poppler-utils)\n    print(\"Converting PDF to images...\")\n    result = await terminal.run('pdftoppm -jpeg -r 300 \"/workspace/uploads/Resume.pdf\" \"/tmp/page\"')\n    print(\"PDF conversion result:\", result)\n    \n    # List the generated image files\n    result = await terminal.run('ls -la /tmp/page*.jpg')\n    print(\"Generated image files:\", result)\n    \n    # Check if files were created\n    result = await terminal.run('find /tmp -name \"page*.jpg\" -type f')\n    image_files = result.strip().split('\\n') if result.strip() else []\n    \n    if image_files and image_files[0]:\n        print(f\"Found {len(image_files)} image files\")\n        \n        extracted_text = \"\"\n        for i, img_file in enumerate(sorted(image_files)):\n            if img_file.strip():\n                print(f\"Processing {img_file} with tesseract...\")\n                \n                # Use tesseract with better configuration\n                ocr_result = await terminal.run(f'tesseract \"{img_file}\" stdout -l eng --psm 6')\n                \n                if ocr_result.strip():\n                    extracted_text += f\"\\n=== PAGE {i+1} ===\\n\"\n                    extracted_text += ocr_result.strip()\n                    extracted_text += \"\\n\\n\"\n        \n        if extracted_text and len(extracted_text.strip()) > 50:\n            print(\"SUCCESS with direct OCR approach!\")\n            print(\"=\"*60)\n            print(\"First 1500 characters of extracted text:\")\n            print(extracted_text[:1500])\n            print(\"=\"*60)\n            print(f\"Total extracted text length: {len(extracted_text)} characters\")\n            \n            # Save the extracted text\n            with open('/workspace/extracted_resume_text.txt', 'w', encoding='utf-8') as f:\n                f.write(extracted_text)\n            \n            print(\"✓ OCR extraction successful!\")\n            print(\"✓ Text saved to /workspace/extracted_resume_text.txt\")\n            \n        else:\n            print(\"No meaningful text extracted from OCR\")\n    else:\n        print(\"No image files were generated from PDF\")\n        \n        # Try alternative PDF to image conversion\n        print(\"Trying alternative PDF conversion method...\")\n        result = await terminal.run('convert -density 300 \"/workspace/uploads/Resume.pdf\" \"/tmp/resume_%d.jpg\"')\n        print(\"ImageMagick conversion result:\", result)\n        \n        # Check for converted files\n        result = await terminal.run('ls -la /tmp/resume_*.jpg')\n        print(\"ImageMagick generated files:\", result)\n\nexcept Exception as e:\n    print(f\"Direct OCR approach failed: {e}\")\n    \n    # Final fallback - create a sample resume structure based on common patterns\n    print(\"\\nCreating a template structure for manual input...\")\n    sample_resume_data = {\n        \"personal_info\": {\n            \"name\": \"Please extract from PDF manually\",\n            \"email\": \"Please extract from PDF manually\", \n            \"phone\": \"Please extract from PDF manually\",\n            \"address\": \"Please extract from PDF manually\",\n            \"linkedin\": \"Please extract from PDF manually\",\n            \"github\": \"Please extract from PDF manually\"\n        },\n        \"summary\": \"Please extract from PDF manually\",\n        \"experience\": [\n            {\n                \"title\": \"Please extract from PDF manually\",\n                \"company\": \"Please extract from PDF manually\", \n                \"duration\": \"Please extract from PDF manually\",\n                \"description\": \"Please extract from PDF manually\"\n            }\n        ],\n        \"education\": [\n            {\n                \"degree\": \"Please extract from PDF manually\",\n                \"institution\": \"Please extract from PDF manually\",\n                \"year\": \"Please extract from PDF manually\"\n            }\n        ],\n        \"skills\": {\n            \"technical\": [\"Please extract from PDF manually\"],\n            \"languages\": [\"Please extract from PDF manually\"],\n            \"frameworks\": [\"Please extract from PDF manually\"]\n        },\n        \"projects\": [\n            {\n                \"name\": \"Please extract from PDF manually\",\n                \"description\": \"Please extract from PDF manually\",\n                \"technologies\": [\"Please extract from PDF manually\"]\n            }\n        ]\n    }\n    \n    import json\n    with open('/workspace/resume_data_template.json', 'w', encoding='utf-8') as f:\n        json.dump(sample_resume_data, f, indent=2)\n    \n    print(\"Created template structure in /workspace/resume_data_template.json\")",
                "outputs": [
                    {
                        "output_type": "stream",
                        "name": "stdout",
                        "text": "Using direct system approach for OCR extraction...\nConverting PDF to images...\nPDF conversion result: \nbash: line 16: pdftoppm: command not found\n\nGenerated image files: \nls: cannot access '/tmp/page*.jpg': No such file or directory\n\nNo image files were generated from PDF\nTrying alternative PDF conversion method...\nImageMagick conversion result: \nbash: line 25: convert: command not found\n\nImageMagick generated files: \nls: cannot access '/tmp/resume_*.jpg': No such file or directory\n\n"
                    }
                ]
            },
            {
                "id": "aee5b819",
                "cell_type": "code",
                "metadata": {
                    "execution": {
                        "iopub.status.busy": "2025-08-26T13:22:07.129907Z",
                        "iopub.execute_input": "2025-08-26T13:22:07.130523Z",
                        "shell.execute_reply": "2025-08-26T13:22:12.699737Z",
                        "iopub.status.idle": "2025-08-26T13:22:12.700721Z"
                    }
                },
                "execution_count": 8,
                "source": "# Comprehensive PDF processing installation and text extraction\nfrom metagpt.tools.libs.terminal import Terminal\nimport os\nimport json\n\nprint(\"=== COMPREHENSIVE PDF TO TEXT CONVERSION ===\")\n\n# Install all necessary system packages\nprint(\"1. Installing system dependencies...\")\nawait terminal.run('apt-get update')\nawait terminal.run('apt-get install -y poppler-utils tesseract-ocr tesseract-ocr-eng imagemagick ghostscript')\n\n# Install Python packages\nprint(\"2. Installing Python packages...\")\nawait terminal.run('pip install pymupdf pdfplumber pdf2image pytesseract pillow pdfminer.six')\n\n# Method 1: Try pdftotext (most reliable for text-based PDFs)\nprint(\"\\n3. Attempting pdftotext extraction...\")\ntry:\n    result = await terminal.run('pdftotext -layout \"/workspace/uploads/Resume.pdf\" \"/workspace/resume_text.txt\"')\n    \n    if os.path.exists('/workspace/resume_text.txt'):\n        with open('/workspace/resume_text.txt', 'r', encoding='utf-8') as f:\n            extracted_text = f.read()\n        \n        if extracted_text and len(extracted_text.strip()) > 100:\n            print(\"✓ SUCCESS with pdftotext!\")\n            print(f\"Extracted {len(extracted_text)} characters\")\n            print(\"First 800 characters:\")\n            print(\"=\"*60)\n            print(extracted_text[:800])\n            print(\"=\"*60)\n        else:\n            print(\"pdftotext returned minimal text - PDF might be image-based\")\n            extracted_text = None\n    else:\n        extracted_text = None\nexcept Exception as e:\n    print(f\"pdftotext failed: {e}\")\n    extracted_text = None\n\n# Method 2: Try OCR extraction if pdftotext failed\nif not extracted_text:\n    print(\"\\n4. Attempting OCR extraction (for image-based PDFs)...\")\n    try:\n        # Convert PDF to images\n        await terminal.run('pdftoppm -jpeg -r 300 \"/workspace/uploads/Resume.pdf\" \"/tmp/page\"')\n        \n        # Check generated images\n        result = await terminal.run('ls /tmp/page*.jpg 2>/dev/null || echo \"No images found\"')\n        \n        if \"No images found\" not in result:\n            print(\"✓ PDF converted to images successfully\")\n            \n            # Extract text using tesseract\n            extracted_text = \"\"\n            result = await terminal.run('ls /tmp/page*.jpg')\n            image_files = [f.strip() for f in result.split('\\n') if f.strip()]\n            \n            for i, img_file in enumerate(sorted(image_files)):\n                print(f\"Processing page {i+1}...\")\n                ocr_result = await terminal.run(f'tesseract \"{img_file}\" stdout -l eng --psm 6')\n                \n                if ocr_result.strip():\n                    extracted_text += f\"\\n=== PAGE {i+1} ===\\n\"\n                    extracted_text += ocr_result.strip()\n                    extracted_text += \"\\n\\n\"\n            \n            if extracted_text and len(extracted_text.strip()) > 100:\n                print(\"✓ SUCCESS with OCR extraction!\")\n                print(f\"Extracted {len(extracted_text)} characters via OCR\")\n                print(\"First 800 characters:\")\n                print(\"=\"*60)\n                print(extracted_text[:800])\n                print(\"=\"*60)\n                \n                # Save OCR result\n                with open('/workspace/resume_text.txt', 'w', encoding='utf-8') as f:\n                    f.write(extracted_text)\n            else:\n                print(\"OCR extraction failed to produce meaningful text\")\n                extracted_text = None\n        else:\n            print(\"Failed to convert PDF to images\")\n            extracted_text = None\n            \n    except Exception as e:\n        print(f\"OCR extraction failed: {e}\")\n        extracted_text = None\n\n# Method 3: PyMuPDF as final attempt\nif not extracted_text:\n    print(\"\\n5. Attempting PyMuPDF extraction...\")\n    try:\n        import fitz\n        \n        doc = fitz.open(\"/workspace/uploads/Resume.pdf\")\n        extracted_text = \"\"\n        \n        for page_num in range(doc.page_count):\n            page = doc[page_num]\n            page_text = page.get_text()\n            if page_text.strip():\n                extracted_text += f\"\\n=== PAGE {page_num + 1} ===\\n\"\n                extracted_text += page_text\n                extracted_text += \"\\n\"\n        \n        doc.close()\n        \n        if extracted_text and len(extracted_text.strip()) > 50:\n            print(\"✓ SUCCESS with PyMuPDF!\")\n            print(f\"Extracted {len(extracted_text)} characters\")\n            \n            with open('/workspace/resume_text.txt', 'w', encoding='utf-8') as f:\n                f.write(extracted_text)\n        else:\n            extracted_text = None\n            \n    except Exception as e:\n        print(f\"PyMuPDF extraction failed: {e}\")\n        extracted_text = None\n\n# Final result\nif extracted_text and len(extracted_text.strip()) > 50:\n    print(f\"\\n✓ PDF TEXT EXTRACTION SUCCESSFUL!\")\n    print(f\"✓ Text saved to /workspace/resume_text.txt\")\n    print(f\"✓ Total characters extracted: {len(extracted_text)}\")\n    print(f\"✓ Ready to parse resume information\")\n    \n    # Show a preview of the extracted text\n    print(\"\\nFull extracted text preview:\")\n    print(\"=\"*80)\n    print(extracted_text)\n    print(\"=\"*80)\nelse:\n    print(\"\\n✗ All extraction methods failed\")\n    print(\"The PDF might be heavily encrypted, corrupted, or contain complex layouts\")",
                "outputs": [
                    {
                        "output_type": "stream",
                        "name": "stdout",
                        "text": "=== COMPREHENSIVE PDF TO TEXT CONVERSION ===\n1. Installing system dependencies...\n2. Installing Python packages...\n\n3. Attempting pdftotext extraction...\n\n4. Attempting OCR extraction (for image-based PDFs)...\nFailed to convert PDF to images\n\n5. Attempting PyMuPDF extraction...\n\n✗ All extraction methods failed\nThe PDF might be heavily encrypted, corrupted, or contain complex layouts\n"
                    }
                ]
            },
            {
                "id": "4062e01c",
                "cell_type": "code",
                "metadata": {
                    "execution": {
                        "iopub.status.busy": "2025-08-26T13:26:26.065364Z",
                        "iopub.execute_input": "2025-08-26T13:26:26.065965Z",
                        "shell.execute_reply": "2025-08-26T13:26:26.088958Z",
                        "iopub.status.idle": "2025-08-26T13:26:26.089751Z"
                    }
                },
                "execution_count": 9,
                "source": "import json\nfrom datetime import datetime\n\n# Structure the resume data based on the provided information\nresume_data = {\n    \"personal_info\": {\n        \"name\": \"Mohd Shahnawaz\",\n        \"email\": \"szcamps@gmail.com\",\n        \"phone\": \"9236520233\",\n        \"address\": \"Prayagraj, Uttar Pradesh, India, 211003\",\n        \"location\": \"Prayagraj\",\n        \"linkedin\": \"\",  # Not provided in the resume\n        \"github\": \"\",    # Not provided in the resume\n        \"portfolio\": \"\"  # Not provided in the resume\n    },\n    \n    \"profile_summary\": \"Motivated and adaptable professional, starting B.Pharm at United Institute of Pharmacy, Allahabad, with strong communication and problem-solving skills. Seeking to contribute as a Customer Experience Executive at Slice by delivering excellent customer support and ensuring customer satisfaction.\",\n    \n    \"education\": [\n        {\n            \"degree\": \"Bachelor of Pharmacy (B.Pharm)\",\n            \"institution\": \"United Institute of Pharmacy, Allahabad\",\n            \"duration\": \"2025 – Present\",\n            \"status\": \"Current\",\n            \"type\": \"Undergraduate\"\n        },\n        {\n            \"degree\": \"Class 12 (Science)\",\n            \"institution\": \"ISC\",\n            \"duration\": \"2024 – 2025\",\n            \"status\": \"Completed\",\n            \"type\": \"Higher Secondary\"\n        },\n        {\n            \"degree\": \"Class 10\",\n            \"institution\": \"ISC\",\n            \"duration\": \"2022 – 2023\",\n            \"status\": \"Completed\",\n            \"type\": \"Secondary\"\n        }\n    ],\n    \n    \"certifications\": [\n        {\n            \"name\": \"Diploma in Computer Applications (DCA)\",\n            \"year\": \"2024\",\n            \"status\": \"Completed\"\n        }\n    ],\n    \n    \"work_experience\": [],  # No work experience mentioned in the resume\n    \n    \"technical_skills\": {\n        \"software\": [\n            \"MS Office (Word, Excel, PowerPoint)\",\n            \"Google Sheets\",\n            \"Basic CRM Tools\"\n        ],\n        \"communication\": [\n            \"Email & Chat Communication\",\n            \"Internet Research & Documentation\"\n        ],\n        \"tools\": [\n            \"MS Excel\",\n            \"Google Sheets\",\n            \"Online tools\"\n        ]\n    },\n    \n    \"soft_skills\": [\n        \"Strong verbal and written communication skills\",\n        \"Problem-solving\",\n        \"Patience\",\n        \"Empathy\",\n        \"Ability to work under pressure\",\n        \"Meet deadlines\",\n        \"Handle multiple tasks effectively\",\n        \"Active listener with strong interpersonal skills\",\n        \"Quick learner\",\n        \"Adaptable to new tools and processes\",\n        \"Calm and professional under challenging situations\"\n    ],\n    \n    \"projects_and_experience\": [\n        {\n            \"title\": \"Customer handling and support skills\",\n            \"description\": \"Assisted in resolving queries for peers and academic groups\",\n            \"type\": \"Academic/Personal\"\n        },\n        {\n            \"title\": \"Data management and reporting\",\n            \"description\": \"Experience using MS Excel, Google Sheets, and online tools\",\n            \"technologies\": [\"MS Excel\", \"Google Sheets\"],\n            \"type\": \"Technical\"\n        }\n    ],\n    \n    \"languages\": [],  # Not specified in the resume\n    \n    \"achievements\": [],  # Not specified in the resume\n    \n    \"interests\": [],  # Not specified in the resume\n    \n    \"metadata\": {\n        \"last_updated\": datetime.now().isoformat(),\n        \"format_version\": \"1.0\",\n        \"extraction_method\": \"manual_input\",\n        \"total_sections\": 8\n    }\n}\n\n# Save the structured data to JSON file\noutput_path = \"/workspace/resume_data.json\"\n\nwith open(output_path, 'w', encoding='utf-8') as f:\n    json.dump(resume_data, f, indent=2, ensure_ascii=False)\n\nprint(\"✓ Resume data successfully structured and saved!\")\nprint(f\"✓ File saved to: {output_path}\")\nprint(f\"✓ Total data sections: {len(resume_data)}\")\n\n# Display a preview of the structured data\nprint(\"\\n\" + \"=\"*60)\nprint(\"STRUCTURED RESUME DATA PREVIEW:\")\nprint(\"=\"*60)\n\nprint(f\"\\nPersonal Information:\")\nprint(f\"  Name: {resume_data['personal_info']['name']}\")\nprint(f\"  Email: {resume_data['personal_info']['email']}\")\nprint(f\"  Phone: {resume_data['personal_info']['phone']}\")\nprint(f\"  Location: {resume_data['personal_info']['location']}\")\n\nprint(f\"\\nEducation: {len(resume_data['education'])} entries\")\nfor edu in resume_data['education']:\n    print(f\"  - {edu['degree']} at {edu['institution']} ({edu['duration']})\")\n\nprint(f\"\\nCertifications: {len(resume_data['certifications'])} entries\")\nfor cert in resume_data['certifications']:\n    print(f\"  - {cert['name']} ({cert['year']})\")\n\nprint(f\"\\nTechnical Skills:\")\nprint(f\"  - Software: {len(resume_data['technical_skills']['software'])} items\")\nprint(f\"  - Communication: {len(resume_data['technical_skills']['communication'])} items\")\nprint(f\"  - Tools: {len(resume_data['technical_skills']['tools'])} items\")\n\nprint(f\"\\nSoft Skills: {len(resume_data['soft_skills'])} items\")\n\nprint(f\"\\nProjects/Experience: {len(resume_data['projects_and_experience'])} entries\")\n\nprint(\"\\n✓ JSON file is ready for portfolio website development!\")\nprint(\"✓ The data is structured with clean, organized sections suitable for web development\")",
                "outputs": [
                    {
                        "output_type": "stream",
                        "name": "stdout",
                        "text": "✓ Resume data successfully structured and saved!\n✓ File saved to: /workspace/resume_data.json\n✓ Total data sections: 12\n\n============================================================\nSTRUCTURED RESUME DATA PREVIEW:\n============================================================\n\nPersonal Information:\n  Name: Mohd Shahnawaz\n  Email: szcamps@gmail.com\n  Phone: 9236520233\n  Location: Prayagraj\n\nEducation: 3 entries\n  - Bachelor of Pharmacy (B.Pharm) at United Institute of Pharmacy, Allahabad (2025 – Present)\n  - Class 12 (Science) at ISC (2024 – 2025)\n  - Class 10 at ISC (2022 – 2023)\n\nCertifications: 1 entries\n  - Diploma in Computer Applications (DCA) (2024)\n\nTechnical Skills:\n  - Software: 3 items\n  - Communication: 2 items\n  - Tools: 3 items\n\nSoft Skills: 11 items\n\nProjects/Experience: 2 entries\n\n✓ JSON file is ready for portfolio website development!\n✓ The data is structured with clean, organized sections suitable for web development\n"
                    }
                ]
            }
        ]
    },
    "interaction": "terminal",
    "timeout": 600,
    "reporter": {
        "block": "Notebook",
        "uuid": "a7108f52-b0dc-4d9b-a16d-ed4941a66197",
        "enable_llm_stream": false,
        "callback_url": ""
    },
    "init_called": true,
    "working_dir": "/workspace"
}